driver,position,probability
VER,1,0.95
LEC,2,0.95
NOR,3,0.95
PER,3,0.95
RUS,4,0.95
HAM,5,0.95
SAI,7,0.8842105263157896
ALO,8,0.831578947368421
STR,8,0.831578947368421
GAS,10,0.7263157894736842
OCO,10,0.7263157894736842
ALB,12,0.6210526315789473
TSU,13,0.5684210526315789
BOT,14,0.5157894736842106
ZHO,15,0.46315789473684216
MAG,15,0.46315789473684216
HUL,16,0.4105263157894737
RIC,18,0.30526315789473685
LAW,18,0.30526315789473685
SAR,20,0.2
