driver,position,probability
VER,2,0.95
LEC,2,0.95
PER,3,0.95
NOR,4,0.95
RUS,5,0.9394736842105263
SAI,6,0.886842105263158
HAM,7,0.8342105263157895
ALO,8,0.781578947368421
STR,9,0.7289473684210527
GAS,10,0.6763157894736843
OCO,10,0.6763157894736843
ALB,11,0.6236842105263158
TSU,13,0.518421052631579
BOT,14,0.46578947368421053
ZHO,15,0.41315789473684217
HUL,15,0.41315789473684217
MAG,16,0.3605263157894737
RIC,17,0.30789473684210533
LAW,18,0.25526315789473686
SAR,20,0.15000000000000002
